Feature,Importance
numbers__no2,0.1338886203772211
numbers__so2,0.12043902012772366
numbers__o3,0.09175555601931606
numbers__pm10,0.08337234342959247
numbers__aqi_rolling7,0.08203898459993261
numbers__co,0.08149698241597073
numbers__aqi_lag2,0.0705342160446426
numbers__aqi_lag3,0.06603290879828194
numbers__pm25,0.06555762910704183
numbers__aqi_rolling3,0.06355938554608288
numbers__aqi_lag1,0.05193706899124717
numbers__aqi,0.03854872636921145
city__city_Mumbai,0.010859594709171966
city__city_Chennai,0.010328875259133959
city__city_Ahmedabad,0.009318789538503883
city__city_Delhi,0.0062791397586612965
city__city_Kolkata,0.0055232914613790145
city__city_Lucknow,0.004271735960892486
city__city_Hyderabad,0.0021047666417567
city__city_Jaipur,0.0014094375029536062
city__city_Bengaluru,0.0004246881799006481
city__city_Pune,0.00031823916138195245
